{
    "0": {
        "id": 0,
        "name": "Start",
        "description": "Tady jsi začal",
        "onEntry": "Objevil jsi se v neznámém prostředí, na neznámém místě. Jediné co víš je, že se musíš dostat ven.\nPřed sebou vidíš zavřenou mříž.\nJak se přes ní dostaneš?",
        "neighbors": [1,2,3],
        "accessible": true
        },
    "1": {
        "id": 1,
        "name": "Klíčovna",
        "description": "Místnost s mnoha klíči",
        "onEntry": "Tady je fakt hodně klíčů, ale který je ten správný.",
        "neighbors": [0],
        "accessible": true,
        "items":[
            {   
                "id": 0,
                "name": "Klíč#1",
                "description": "Klíč číslo 1",
                "moveable": true
            },
            {   
                "id": 1,
                "name": "Klíč#2",
                "description": "Klíč od mříže.",
                "moveable": true
            }]
        },
    "2": {
        "id": 2,
        "name": "Zámečnictví",
        "description": "Zámkdy všeho druhu.",
        "onEntry": "Je tu zámek. Na jeho otevření potřebuješ klíč.",
        "neighbors": [0],
        "accessible": true,
        "items":[
            {
                "id":2,
                "name": "Zámek",
                "description": "Zámek od mříže.",
                "moveable": false,
                "useFunction": "lambda player, room: player.takeItem(3,2,False) if 1 in player.inventory.itemIds else False",
                "onUseFunction": "lambda: print(actionText('Ano! Použil jsi správný klíč.'))",
                "onUseFunctionError": "lambda: print(errorText('Už jsi mříž odemkl.'))",
                "onWrongUse": "lambda: print(errorText('Použil jsi špatný klíč, nic se nestalo.'))"
            },
            {   
                "id": 3,
                "name": "Real Klíč od mříže",
                "description": "Klíč od mříže.",
                "moveable": true,
                "visible": false
            }
        ]
        },
    "3": {
        "id": 3,
        "name": "Totemárna",
        "description": "Plno totemů tady",
        "onEntry": "Počet totemů v této místnosti tě uplně převálcoval.",
        "neighbors": [0,4,5],
        "accessible": false,
        "itemsToAccess": [3],
        "items":[
            {
                "id": 4,
                "name": "Skříň",
                "description": "Stará skříň.",
                "moveable": false,
                "inspectFunc": "lambda: graph[4].setAccessibility(True)",
                "onInspectFunc": "lambda: print(actionText('Odsunul jsi skříň a našel vstup do jiné místnosti.'))"
            },
            {
                "id": 6,
                "name": "Žlutý totem",
                "description": "Totem na žluté věci",
                "moveable": false,
                "useFunctions": ["lambda player, room: player.takeItem(7,3,False) if 5 in player.inventory.itemIds else False","lambda player, room: player.inventory.removeItem(Item(5))"],
                "onUseFunction": "lambda: print(actionText('Do totemu jsi vložil správný předmět.'))",
                "onUseFunctionError": "lambda: print(errorText('V tomto totemu už je spravný předmět.'))",
                "onWrongUse": "lambda: print(errorText('Použil jsi špatný předmět, nic se nestalo.'))"
            },
            {
                "id": 7,
                "name": "Yellow Totem Key",
                "description": "Klíč od nějaké místnosti",
                "moveable": true,
                "visible": false
            },
            {
                "id": 9,
                "name": "Červený totem",
                "description": "Totem na červené věci",
                "moveable": false,
                "useFunctions": ["lambda player, room: player.takeItem(10,3,False) if 8 in player.inventory.itemIds else False","lambda player, room: player.inventory.removeItem(Item(8))"],
                "onUseFunction": "lambda: print(actionText('Do totemu jsi vložil správný předmět.'))",
                "onUseFunctionError": "lambda: print(errorText('V tomto totemu už je spravný předmět.'))",
                "onWrongUse": "lambda: print(errorText('Použil jsi špatný předmět, nic se nestalo.'))"
            },
            {
                "id": 10,
                "name": "Red Totem Key",
                "description": "Klíč od nějaké místnosti",
                "moveable": true,
                "visible": false
            },
            {
                "id": 12,
                "name": "Oranžový totem",
                "description": "Totem na oranžové věci",
                "moveable": false,
                "useFunctions": ["lambda player, room: player.takeItem(13,3,False) if 11 in player.inventory.itemIds else False","lambda player, room: player.inventory.removeItem(Item(11))"],
                "onUseFunction": "lambda: print(actionText('Do totemu jsi vložil správný předmět.'))",
                "onUseFunctionError": "lambda: print(errorText('V tomto totemu už je spravný předmět.'))",
                "onWrongUse": "lambda: print(errorText('Použil jsi špatný předmět, nic se nestalo.'))"
            },
            {
                "id": 13,
                "name": "Orange Totem Key",
                "description": "Klíč od nějaké místnosti",
                "moveable": true,
                "visible": false
            }
        ]
        },
    "4": {
        "id": 4,
        "name": "Ovocný trh",
        "description": "Je tady hodně ovoce",
        "onEntry": "Ovocný trh, tady najdeš ovoce všech barev.",
        "neighbors": [3],
        "accessible": false,
        "itemsToAccess": [-1],
        "items":[
            {
                "id": 5,
                "name": "Banán",
                "description": "Žlutý banán",
                "moveable": true
            },
            {
                "id": 8,
                "name": "Jablko",
                "description": "Červené jablko",
                "moveable": true
            },
            {
                "id": 11,
                "name": "Pomeranč",
                "description": "Oranžový pomeranč",
                "moveable": true
            }
        ]
        },
    "5":{
        "id": 5,
        "name": "Chodba",
        "description": "Prostě normální chodba",
        "onEntry": "Na konci chodby jsou zavřené dveře, kdyby jen jsi od nich měl klíč.",
        "neighbors": [3,6],
        "accessible": false,
        "itemsToAccess": [7,10,13]
    },
    "6":{
        "id": 6,
        "name": "Trůnín",
        "description": "Místnost s trůnem",
        "onEntry": "Vede odsud hodně cest do dalších místností. Ale jsou zamčené.",
        "neighbors": [5,7,8,9,10],
        "accessible": false,
        "stayAccessible": true,
        "itemsToAccess": [0],
        "inspectFunc": "lambda self: self.inventory.setAllItemsVisible()",
        "onInspectFunc": "lambda: print(actionText('Pod kobercem jsi našel tři klíče.'))",
        "items":[
            {
                "id": 17,
                "name": "Trůn",
                "description": "Trůn místního vládce.",
                "moveable": false,
                "visible": true
            },
            {
                "id": 18,
                "name": "Koberec",
                "description": "Starý perský koberec",
                "inspectFunc": "lambda: graph[6].inventory.setAllItemsVisible()",
                "onInspectFunc": "lambda: print(actionText('Pod kobercem jsi našel tři klíče.'))",
                "moveable":false,
                "visible":true
            },
            {
                "id": 14,
                "name": "Klíč#3",
                "description": "Klíč od laboratoře",
                "moveable": true,
                "visible": false
            },
            {
                "id": 15,
                "name": "Klíč#4",
                "description": "Klíč od kovárny",
                "moveable": true,
                "visible": false
            },
            {
                "id": 16,
                "name": "Klíč#5",
                "description": "Klíč od kuchyně",
                "moveable": true,
                "visible": false
            }
        ]
    },
    "7":{
        "id": 7,
        "name": "Kovárna",
        "description": "Tady se dělá ze železa",
        "onEntry": "Ohniště a je ještě horké.",
        "neighbors": [6],
        "accessible": false,
        "stayAccessible": true,
        "itemsToAccess": [15],
        "items":[
            {
                "id":23,
                "name":"Ohniště",
                "description":"Uplně normální ohniště rozžhavené na 1500 K.",
                "moveable":false,
                "visible":true,
                "useFunctions":["lambda player, room: player.takeItem(25,7, True) if 24 in player.inventory.itemIds else False","lambda player, room: player.takeItem(26,7, False) if 24 in player.inventory.itemIds else False","lambda player, room: player.inventory.removeItem(Item(24))"],
                "onUseFunction": "lambda: print(actionText('Ukoval jsi podkovu.'))",
                "onWrongUse":"lambda: print(errorText('Nemáš správný item.'))"
            },
            {
                "id":24,
                "name": "Železo",
                "description":"Hlavní surovina pro výrobu podkov.",
                "visible": true,
                "moveable": true
            },
            {
                "id":25,
                "name": "Podkova",
                "description": "Něco se štěstím nebo co, nejsem kovář.",
                "visible": false,
                "moveable": true
            },
            {
                "id":26,
                "name": "Podkova badge",
                "description": "internal item",
                "visible": false,
                "moveable": true
            }
        ]
    },
    "8":{
        "id": 8,
        "name": "Laboratoř",
        "description": "Laboratoř pro všechny chemiky",
        "onEntry": "Hmm, co tohleto je?",
        "neighbors": [6],
        "accessible": false,
        "stayAccessible": true,
        "itemsToAccess": [14],
        "items":[
            {
                "id":27,
                "name":"Destilační aparatura",
                "description":"Aparatura na destilaci a tak",
                "moveable":false,
                "visible":true,
                "useFunctions":["lambda player, room: player.takeItem(29,8, True) if 28 in player.inventory.itemIds else False","lambda player, room: player.takeItem(30,8, False) if 28 in player.inventory.itemIds else False","lambda player, room: player.inventory.removeItem(Item(28))"],
                "onUseFunction": "lambda: print(actionText('Vydestiloval jsi alkohol z vína.'))",
                "onWrongUse":"lambda: print(errorText('Nemáš správný item.'))"
            },
            {
                "id":28,
                "name": "Červené víno",
                "description":"Je v tom dost alkoholu.",
                "visible": true,
                "moveable": true
            },
            {
                "id":29,
                "name": "Ethanol",
                "description": "CH3-CH2-OH",
                "visible": false,
                "moveable": true
            },
            {
                "id":30,
                "name": "Ethanol badge",
                "description": "internal item",
                "visible": false,
                "moveable": true
            }
        ]
    },
    "9":{
        "id": 9,
        "name": "Kuchyň",
        "description": "Starodávná kuchyň s moderním vybavením",
        "onEntry": "Je tu sporák a já mám hlad.",
        "neighbors": [6],
        "accessible": false,
        "stayAccessible": true,
        "itemsToAccess": [16],
        "items":[
            {
                "id":19,
                "name":"Sporák",
                "description":"Standardní indukční sporák",
                "moveable":false,
                "visible":true,
                "useFunctions":["lambda player, room: player.takeItem(21,9, True) if 20 in player.inventory.itemIds else False","lambda player, room: player.takeItem(22,9, False) if 20 in player.inventory.itemIds else False","lambda player, room: player.inventory.removeItem(Item(20))"],
                "onUseFunction": "lambda: print(actionText('Uvařil jsi bramborovou kaši.'))"
            },
            {
                "id":20,
                "name": "Brambory",
                "description":"Úžasná věc potřebná na přípravu bramborové kaše",
                "visible": true,
                "moveable": true
            },
            {
                "id":21,
                "name": "Bramborová kaše",
                "description": "Kaše z prvotřídních brambor",
                "visible": false,
                "moveable": true
            },
            {
                "id":22,
                "name": "Bramborová kaše badge",
                "description": "internal item",
                "visible": false,
                "moveable": true
            }
        ]
    },
    "10":{
        "id": 10,
        "name": "Cíl",
        "description": "Konec",
        "onEntry": "Dorazil jsi do cíle, hra už dále nepokračuje.",
        "neighbors": [6],
        "accessible": false,
        "itemsToAccess": [22,26,30]
    }
}